dbscan_cluster,recency,frequency,monetary
-1,53.82258064516129,14.334677419354838,14583.085766129032
0,93.53589806419996,3.6647880421465326,1295.7990698358244
1,270.3333333333333,2.1666666666666665,868.1999999999999
2,131.66666666666666,2.6666666666666665,479.14333333333326
