,recency,recency,recency,recency,recency,frequency,frequency,frequency,frequency,frequency,monetary,monetary,monetary,monetary,monetary,avg_basket,avg_basket,avg_basket,avg_basket,avg_basket,unique_products,unique_products,unique_products,unique_products,unique_products,clv,clv,clv,clv,clv
,mean,std,median,min,max,mean,std,median,min,max,mean,std,median,min,max,mean,std,median,min,max,mean,std,median,min,max,mean,std,median,min,max
kmeans_cluster,,,,,,,,,,,,,,,,,,,,,,,,,,,,,,
0,122.41016949152542,104.62084718132026,84.0,0,373,2.2610169491525425,1.7329359450099908,2.0,1,12,2412.7341694915253,11298.14804602521,755.75,90.47999999999999,168472.5,717.5475830494778,5596.476346088874,104.79666666666667,33.925000000000004,77183.6,8.271186440677965,9.001947084306765,5.0,1,68,2412.7341694915253,11298.14804602521,755.75,90.47999999999999,168472.5
1,65.35409035409036,66.40138506586297,42.0,0,336,3.272283272283272,1.4199386662315006,3.0,1,10,981.8794890109891,608.4838437889125,835.385,144.91000000000003,6207.67,17.298234141864153,9.834980673762033,16.783488636363636,2.4325,76.657,59.59096459096459,43.45323036606312,48.0,5,421,981.8794890109891,608.4838437889125,835.385,144.91000000000003,6207.67
2,19.030646992054482,29.20554454931176,10.0,0,371,12.230419977298524,14.26033216911229,9.0,2,209,6978.466674233825,17972.005028959702,3435.76,954.42,280206.02,33.12825073836106,59.73345940973937,19.693576642335767,2.7606215722120657,835.864,151.7661748013621,141.05626630407693,117.0,9,1787,6978.466674233825,17972.005028959702,3435.76,954.42,280206.02
3,155.61548556430446,114.31556201155438,137.0,0,373,1.1351706036745406,0.40038954738354693,1.0,1,6,290.8816148293963,207.3578671293296,237.215,3.75,1710.39,17.918280740738062,11.43325635098017,16.56057142857143,2.1012857142857144,85.0,21.677165354330707,18.913029088616366,16.0,1,155,290.8816148293963,207.3578671293296,237.215,3.75,1710.39
