hierarchical_cluster,recency,frequency,monetary
0,21.486021505376343,11.682795698924732,7032.319032258065
1,152.3946388682055,1.0699925539836188,318.36705212211467
2,71.11835334476844,3.2915951972555746,1000.5869371069183
3,152.06012658227849,1.4968354430379747,613.1572784810127
