kmeans_cluster,Segment_Name,CLV_Mean_USD,CLV_Median_USD,CLV_StdDev,Avg_Orders,Median_Orders,Avg_Spending_USD,Median_Spending_USD,Avg_Recency_Days,Median_Recency_Days,Avg_Lifespan_Days,Median_Lifespan_Days
0,Occasional Buyers,2412.7341694915253,755.75,11298.14804602521,2.2610169491525425,2.0,2412.7341694915253,755.75,122.41016949152542,84.0,75.25762711864407,14.0
1,Regular Loyalists,981.8794890109891,835.385,608.4838437889125,3.272283272283272,3.0,981.8794890109891,835.385,65.35409035409036,42.0,174.26068376068375,176.5
2,Premium Bulk Buyers,6978.466674233825,3435.76,17972.005028959702,12.230419977298524,9.0,6978.466674233825,3435.76,19.030646992054482,10.0,286.47900113507376,315.0
3,One-Time Shoppers,290.8816148293963,237.215,207.3578671293296,1.1351706036745406,1.0,290.8816148293963,237.215,155.61548556430446,137.0,6.690288713910761,1.0
