algorithm,n_clusters,silhouette,calinski_harabasz,davies_bouldin,dunn_index,inter_cluster_dist,intra_cluster_dist,params
KMeans,4,0.3054227650849344,2166.37274718959,1.1477091540858197,1.496799992103399,3.5931858902865597,2.349431151155791,"{""n_clusters"": 4}"
DBSCAN,3,0.21492259952203993,13.852188565849467,0.6646478997038227,0.975997741917032,,,"{""eps"": 0.7838696639788673, ""min_samples"": 5}"
Hierarchical,4,0.2567584888610772,1809.0644426631727,1.3150767557757255,1.3723617831788637,3.4413415090591406,2.3178188756645133,"{""n_clusters"": 4, ""linkage"": ""ward""}"
